Name,Address
Tiểu học Thăng Long Số 1,"Lô A/D13 khu đô thị Cầu Giấy mới, phường Dịch Vọng Hậu, Cầu Giấy, Hà Nội"
Tiểu học YÊN HÒA,Phố Trung Kính – Yên Hòa – Cầu Giấy – Hà Nội
Tiểu học TRUNG YÊN,Khu đô thị mới Nam Trung Yên – Cầu Giấy – Hà Nội
Tiểu học TRUNG HÒA,Số 1 ngõ 22 Trung Kính – Trung Hòa – Cầu Giấy
Tiểu học QUAN HOA,Số 477 – Nguyễn Khang – Quan Hoa – Cầu Giấy
Tiểu học NGUYỄN SIÊU,Phố Trung Kính – Yên Hoà – Cầu Giấy
Tiểu học NGUYỄN KHẢ TRẠC,TT Đồng Xa – Phường Mai Dịch – Quận Cầu Giấy
Tiểu học Nguyễn Bỉnh Khiêm,Số 6 Trần Quốc Hoàn – Dịch Vọng Hậu – Cầu Giấy
Tiểu học NGHĨA TÂN,Phường Nghĩa Tân – Cầu Giấy
Tiểu học NGHĨA ĐÔ,Ngõ 106 – Đường Hoàng Quốc Việt – Nghĩa Đô – Cầu Giấy
Tiểu học NAM TRUNG YÊN,Khu Đô Thị Mới Nam Trung Yên
Tiểu học MAI DỊCH,18 Phố Trần Bình – Cầu Giấy
Tiểu học LÝ THÁI TỔ,Đường Nguyễn Thị Định – Trung Hoà – Cầu Giấy
Tiểu học HERMANN,"Số 02 Doãn Kế Thiện, Phường Mai Dịch, Quận Cầu Giấy, Thành phố Hà Nội"
Tiểu học Quốc tế GLOBAL,"Lô C1, 2, 3, 4, D34 – KĐT Yên Hòa – Cầu Giấy – Quận Cầu Giấy"
Tiểu học DỊCH VỌNG A,Ngõ 233 đường Xuân Thuỷ – Cầu Giấy – Hà Nội
Tiểu học DỊCH VỌNG B,Ngõ 233 đường Xuân Thuỷ – Cầu Giấy – Hà Nội
Tiểu học DỊCH VỌNG A,Ngõ 233 đường Xuân Thuỷ – Cầu Giấy – Hà Nội
Tiểu học Thăng Long Kidsmart,Lô NT1 phố Thọ Tháp – Khu ĐTM Dịch Vọng – Cầu Giấy – Hà Nội
Tiểu học Cổ Nhuế 2A,Số 43 đường Tăng Thiết Giáp – TDP Đống 2- Phường Cổ Nhuế 2 – Quận Bắc Từ Liêm – Thành phố Hà Nội
Tiểu học Cổ Nhuế 2B,"Số 95B, ngõ 145, đường Cổ Nhuế, phường Cổ Nhuế 2, quận Bắc Từ Liêm, Hà Nội"
Tiểu học Minh Khai A,"Ngõ 136, Cầu Diễn, Q. Bắc Từ Liêm, Hà Nội"
Tiểu học Minh Khai B,TDP Phúc Lý – P. Minh Khai – Quận Bắc Từ Liêm – Hà Nội
Tiểu học Đông Ngạc A,Phường Đông Ngạc – Quận Bắc Từ Liêm – Thành Phố Hà Nội
Tiểu học Đông Ngạc B,Phường Đông Ngạc – Quận Bắc Từ Liêm – Thành Phố Hà Nội
Tiểu học Tây Tựu A,Tổ dân phố Trung 5 – Tây Tựu – Bắc Từ Liêm – Hà Nội
Tiểu học Tây Tựu B,TDP Hạ 9 – Tây Tựu – Bắc Từ Liêm – Hà Nội
Tiểu học Xuân Đỉnh,"Ngõ 190, Đường Xuân Đỉnh, Phường Xuân Đỉnh, Quận Bắc Từ Liêm, Hà Nội"
Tiểu học Liên Mạc,"Thôn Đại Cát, Liên Mạc, Bắc Từ Liêm, Hà Nội"
Tiểu học Hồ Tùng Mậu,"Khu tái định cư, phường Phú Diễn, quận Bắc Từ Liêm, Hà Nội"
Tiểu học Đức Thắng,Tổ dân phố số 2 – Phường Đức Thắng – Quận Bắc Từ Liêm – Hà Nội
Tiểu học Thụy Phương,Số 2 ngõ 125 đường Thụy Phương – Phường Thụy Phương – Quận Bắc Từ Liêm – Thành Phố Hà Nội
Tiểu học Thượng Cát,Thượng Cát – Bắc Từ Liêm – Thành Phố Hà Nội  
Tiểu học Phúc Diễn,Phường Phúc Diễn – Quận Bắc Từ Liêm – Thành Phố Hà Nội
Tiểu học Phú Diễn,"17 Đường Hỏa Lò, Phú Diễn, Bắc Từ Liêm, Hà Nội"
Tiểu học I-Sắc Niu-Tơn,"– Địa chỉ 1: Goldmark City, 136 Hồ Tùng Mậu, Bắc Từ Liêm, Hà Nội"
,"– Địa chỉ 2: Ngõ 234 Hoàng Quốc Việt – Khu ĐTM Hoàng Quốc Việt, Bắc Từ Liêm, Hà Nội"
Tiểu học Đoàn Thị Điểm,"Khu đô thị Bắc Cổ Nhuế, Chèm, Quận Bắc Từ Liêm, Hà Nội"
Tiểu học Pascal,KĐT mới Hoàng Quốc Việt – Từ Liêm – Hà Nội (ngõ 234 đường Hoàng Quốc Việt)
,
Tiểu học An Hưng,"Khu Đô thị An Hưng, Dương Nội, Hà Đông, Hà Nội"
Tiểu học Biên Giang,"Biên Giang, Hà Đông, Hà Nội"
Tiểu học Đoàn Kết,"92 Bế Văn Đàn, P. Quang Trung, Hà Đông, Hà Nội"
Tiểu học Đồng Mai I,Tổ 6 – phường Đồng Mai – Quận Hà Đông – Hà Nội
Tiểu học Đồng Mai II,Tổ dân phố 14 – Phường Đồng Mai II – Hà Đông – Hà Nội
Tiểu học Dương Nội A,Phường Dương Nội – Hà Đông – Hà Nội
Tiểu học Dương Nội B,Tổ dân phố Hòa Bình – Phường Dương Nội – Hà Đông – Hà nội
Tiểu học Kiến Hưng,"70 Đa Sỹ, Kiến Hưng, Hà Đông, Hà Nội"
Tiểu học Kim Đồng,"Dương Kinh, Hà Đông, Hà Nội"
Tiểu học Lê Hồng Phong,"Lê Hồng Phong, Q. Hà Đông, Tp. Hà Nội"
Tiểu học Lê Quý Đôn,"Khu đô thị Dương Nội (Cổng The Sparks đi vào), Quận Hà Đông, Hà Nội"
Tiểu học Lê Lợi,"162 Lê Lợi, Hà Cầu, Hà Đông, Hà Nội"
Tiểu học Lê Trọng Tấn,"6 Quang Trung Đường, Yên Nghĩa Đông Hà, Yên Nghĩa, Hà Đông, Hà Nội"
Tiểu học Mậu Lương,"Tổ dân phố 19, Phường Kiến Hưng, Quận Hà Đông, Hà Nội"
Tiểu học Trần Phú,"Đường Thanh Bình, Phường Mỗ Lao, Quận Hà Đông"
Tiểu học Trần Quốc Toản,"Phường Dương Nội, quận Hà Đông, TP. Hà Nội"
Tiểu học Phú La,"Khu đô thị Văn Phú, Hà Đông, Hà Nội"
Tiểu học Phú Lãm,"Tổ 6 phường Phú Lãm, quận Hà Đông, Hà Nội"
Tiểu học Phú Lương I,Tổ 19 Bắc Lãm – Phú Lương – Hà Đông
Tiểu học Phú Lương II,Tổ 6 Phường Phú Lương – Quận Hà Đông – Thành phố Hà Nội
Tiểu học Vạn Phúc,Số 7 – Tổ dân phố Bạch Đằng – phường Vạn Phúc – quận Hà Đông
Tiểu học Văn Khê,Đường Ngô Đình Mẫn – La Khê – Hà Đông – Hà Nội.
Tiểu học Văn Yên,"Nguyễn Công Trứ, Văn Quán, phường Phúc La, Hà Đông"
Tiểu học Yết Kiêu,"Phố Nguyễn Thượng Hiền, Phừơng Yết Kiêu, Hà Đông"
Tiểu học YÊN BÀI B,Xã Yên Bài
Tiểu học YÊN BÀI A,Xã Yên Bài
Tiểu học VẬT LẠI,Xã Vật Lại
Tiểu học VẠN THẮNG,Xã Van Thắng
Tiểu học VÂN HOÀ,Xã Vân Hòa
Tiểu học TTNC BÒ & ĐỒNG CỎ,Xã Tản Lĩnh
Tiểu học TÒNG BẠT,Xã Tòng Bạt
Tiểu học TIÊN PHONG,Xã Tiên Phong
Tiểu học THUỴ AN,Xã Thụy An
Tiểu học THUẦN MỸ,Xã Thuần Mỹ
Tiểu học THÁI HOÀ,Xã Thái Hòa
Tiểu học Tây Đằng B,TT Tây Đằng
Tiểu học TÂY ĐẰNG A,TT Tây Đằng
Tiểu học TẢN LĨNH – BA VÌ,Xã Tản Lĩnh
Tiểu học TẢN HỒNG,Xã Tản Hồng
Tiểu học AN MỸ,An Mỹ – Mỹ Đức
Tiểu học ĐẠI HƯNG,Đại Hưng – Mỹ Đức
Tiểu học ĐỐC TÍN,Đốc Tín – Mỹ Đức
Tiểu học ĐỒNG TÂM,Đồng Tâm – Mỹ Đức
Tiểu học HỢP THANH A,Hợp Thanh – Mỹ Đức
Tiểu học HÙNG TIẾN,Hùng Tiến – Mỹ Đức
Tiểu học HƯƠNG SƠN C,Hương Sơn – Mỹ Đức
Tiểu học PHÙ LƯU TẾ,Phù Lưu Tế- Mỹ Đức
Tiểu học PHÙNG XÁ,Phùng Xá – Mỹ Đức
Tiểu học TẾ TIÊU,Đại Nghĩa – Mỹ Đức
Tiểu học TUY LAI A,Tuy Lai – Mỹ Đức
Tiểu học TUY LẠI B,Tuy Lai – Mỹ Đức
Tiểu học AN PHÚ,An Phú – Mỹ Đức
Tiểu học AN TIẾN,An Tiến – Mỹ Đức
Tiểu học BỘT XUYÊN,Bột Xuyên – Mỹ Đức
Tiểu Học Bế Văn Đàn,"Số 2 ngõ 14 Hồ Đắc Di, phường Nam Đồng – Phường Nam Đồng – Quận Đống đa – Hà Nội."
Tiểu Học Cát Linh,Số 31A Cát Linh – Đống Đa – Hà Nội
Tiểu Học Thịnh Hào,"Số 9 Ô Chợ Dừa, Phường Ô Chợ Dừa, Quận Đống Đa, Thành phố Hà Nội"
Tiểu Học Văn Chương,"323 Ngõ Văn Chương, Văn Chương, Đống Đa, Hà Nội"
Tiểu Học Khương Thượng,"Số 8 Tôn Thất Tùng, Kim Liên, Đống Đa, Hà Nội"
Tiểu Học Kim Liên,17 Hoàng Tích Trí – Kim Liên – Đống Đa – Hà Nội
Tiểu Học La Thành,"Số 28/79 Ngõ Thổ Quan, Quận Đống Đa, Thành Phố Hà Nội"
Tiểu Học Láng Thượng,"Số 1 Ngõ 185 Chùa Láng, Láng Thượng, Đống Đa, Hà Nội"
Tiểu Học Lý Thường Kiệt,"104, Nguyễn Khuyến, Phường Văn Miếu, Quận Đống Đa, Hà Nội"
Tiểu Học Nam Thành Công,"75 Nguyên Hồng, Láng Hạ, Đống Đa, Hà Nội"
Tiểu Học Phương Liên,"1 Phạm Ngọc Thạch, Phương Liên, Đống Đa, Hà Nội"
Tiểu Học Phương Mai,Số 6 Ngõ 4 Phương Mai – Đống Đa – Hà Nội
Tiểu Học Quang Trung,Số 6 Đặng Tiến Đông – Phường Trung Liệt – Quận Đống Đa – Hà Nội
Tiểu Học Thái Thịnh,"Số 56 phố Yên Lãng, phường Thịnh Quang, quận Đống Đa, TP. Hà Nội"
Tiểu Học Thịnh Quang,"Số 11 ngõ 122 Đường Láng, Đống Đa – Hà Nội"
Tiểu Học Tô Vĩnh Diện,Địa chỉ: 12/79 Cẩm Văn – Hàng Bột – Đống Đa – Hà Nội
Tiểu Học Trung Phụng,"91/218 Phố Chợ Khâm Thiên, Đống Đa"
Tiểu Học Trung Tự,Số 3 ngõ 4A Đặng Văn Ngữ – Đống Đa – Hà Nội
Tiểu Học Hanoi Adelaide School,"B17 Kim Liên, phố Lương Định Của, phường Kim Liên, quận Đống Đa, thành phố Hà Nội"
Tiểu Học Tam Khương,"4 Ngõ 149 Khương Thượng, Hà Nội"
Trường Phổ Thông Liên Cấp Alfred Nobel,"Ngõ 14 Pháo Đài Láng, Đống Đa, Hà Nội"
Tiểu Học VietKids,"21 Ngõ Giếng, Chợ Dừa, Đống Đa, Hà Nội"
Tiểu Học Tư Thục Nguyễn Văn Huyên,"157 Chùa Láng, Láng Thượng, Đống Đa, Hà Nội"
Tiểu học Ba Đình,Số 145 Hoàng Hoa Thám – Ba Đình – Hà Nội
Tiểu học Nguyễn Trung Trực,Số 9A Phạm Hồng Thái – Ba Đình – Hà Nội
Tiểu học Phan Chu Trinh,"– Địa chỉ:Số 40-42 Phố Nguyễn Thái Học, Ba Đình, Hà Nội"
Tiểu học Thành Công A,"Ngõ 9 Nguyên Hồng, Thành Công, Ba Đình, Hà Nội"
Tiểu học Thành Công B,44 Khu H – Tập thể Thành Công – Phường Thành Công – Quận Ba Đình – TP Hà Nội (Ngõ 12 Láng Hạ)
Tiểu học Thủ Lệ,Số 3 – Ngõ 9 – Đào Tấn – Ngọc Khánh – Ba Đình – Hà Nội
Tiểu học Vạn Phúc,Ngõ 194 – phố Đội Cấn – quận Ba Đình – TP. Hà Nội
Tiểu học Đại Yên,"Số 167 Phố Đội Cấn, Ba Đình, Hà Nội"
Tiểu Học Việt Nam – CuBa,Số 115 Phố Nguyễn Trường Tộ
Trường Tiểu Học Hoàng Diệu,"Số 526 Phố Đội Cấn, Ba Đình, Hà Nội"
Trường Tiểu Học Hoàng Hoa Thám,"Số 2 Phố Vĩnh Phúc, Ba Đình, Hà Nội"
Tiểu Học Kim Đồng,Số 1 Trần Huy Liệu – Giảng Võ – Ba Đình – Hà Nội
Tiểu Học Nghĩa Dũng,"Số 55 Phố Nghĩa Dũng, Ba Đình"
Trường Tiểu Học Ngọc Hà,"Số 35, ngõ 55, Hoàng Hoa Thám, Ba Đình, Hà Nội"
Trường Tiểu Học Ngọc Khánh,"Số 20 Phố Nguyễn Công Hoan, Ba Đình, Hà Nội"
Tiểu Học Nguyễn Bá Ngọc,"Số 46 Liễu Giai, Cống Vị, Ba Đình, Hà Nội"
Tiểu Học Nguyễn Tri Phương,"Số 190 Phố Quán Thánh, Ba Đình, Hà Nội"
Tiểu Học Hà Nội,463 Đội Cấn – Ba Đình – Hà Nội
Tiểu Học Việt Nam Singapore,"2D, Khu Ngoại Giao Đoàn Vạn Phúc, 46 Vạn Bảo, quận Ba Đình, thành phố Hà Nội"
Trường Tiểu Học Thực Nghiệm,"50 Liễu Giai, Cống Vị, Ba Đình, Hà Nội"
,
,
Tiểu học Đại Từ,"Tổ 10, Phường Đại Kim, Quận Hoàng Mai, Hà Nội"
Tiểu học Thịnh Liệt,"Tổ 30 phường Thịnh Liệt, quận Hoàng Mai"
Tiểu học Lĩnh Nam,"Số 224/226 phố Nam Dư, phường Lĩnh Nam, quận Hoàng Mai"
Tiểu học Vĩnh Hưng,"Số 27/351 đường Lĩnh Nam, phường Vĩnh Hưng, quận Hoàng Mai"
Tiểu học Yên Sở,"Số 02 ngõ 223 phố Yên Duyên, phường Yên Sở, quận Hoàng Mai"
Tiểu học Mai Động,"Số 11 phố Mai Động, phường Mai Động, quận Hoàng Mai"
Tiểu học Định Công,"Số 122, tổ 16, phường Định Công, quận Hoàng Mai"
Tiểu học Đền Lừ,"Khu đô thị Đền Lừ, phường Hoàng Văn Thụ, quận Hoàng Mai"
Tiểu học Tân Mai,"Số 145 phố Tân Mai, phường Tân Mai, quận Hoàng Mai"
Tiểu học Chu Văn An,Khu đô thị Tây Nam Linh Đàm – phường Hoàng Liệt – quận Hoàng Mai – thành phố Hà Nội
Tiểu học Đại Kim,Số 2 – Ngõ 282 – Đường Kim Giang – Phường Đại Kim – Quận Hoàng Mai – TP. Hà Nội
Tiểu học Giáp Bát,"Số 120 đường Giáp Bát, phường Giáp Bát, quận Hoàng Mai"
Tiểu học Thanh Trì,"Số 1064 Nguyễn Khoái, phường Thanh Trì, quận Hoàng Mai"
Tiểu học Tân Định,"Số 35, phố Nguyễn An Ninh, phường Tương Mai, quận Hoàng Mai"
Tiểu học Hoàng Văn Thụ,"Số 19/160 đường Hoàng Mai, phường Hoàng Văn Thụ, quận Hoàng Mai"
Tiểu học Trần Phú,"Số 14 đường Khuyến Lương, P. Trần Phú, Quận Hoàng Mai, Thành phố Hà Nội"
Tiểu học Hoàng Liệt,"Tổ 18, phường Hoàng Liệt, quận Hoàng Mai"
Tiểu học Thúy Lĩnh,"143 Thúy Lĩnh, Lĩnh Nam, Hoàng Mai, Hà Nội"
Tiểu học Quốc Tế Thăng Long,"Lô X1, Linh Đàm, Khu đô thị Bắc Linh Đàm, Hoàng Mai, Hà Nội"
Tiểu học Bạch Dương,"Lô 13 Nguyễn Công Thái, KĐT Đại Kim Mới, Hoàng Mai, Hà Nội"
Tiểu học Quốc Tế Singapore,"Đường số 2 Khu đô thị Gamuda Gardens, Km 4.4 Pháp Vân, quận Hoàng Mai, thành phố Hà Nội"
,
,
Tiểu Học Võ Thị Sáu,35 Trần Hưng Đạo – Hoàn Kiếm – Hà Nội
Tiểu Học Nguyễn Du,"11-13 Hàng Tre, phường Lý Thái Tổ, quận Hoàn Kiếm, Hà Nội"
Tiểu Học Hồng Hà,"40 Phố Lãn Ông, quận Hoàn Kiếm, Hà Nội"
Tiểu Học Nguyễn Bá Ngọc,"Số 2, ngõ Hàng Chỉ, phố Hàng Hòm, phường Hàng Gai, quận Hoàn Kiếm, Hà Nội"
Tiểu Học Điện Biên,"44 Quán Sứ, Hoàn Kiếm, Hà Nội"
Tiểu Học Thăng Long,"Số 20 Phố Ngõ Trạm, Hoàn Kiếm"
Tiểu Học Phúc Tân,"Số 12 Phúc Tân, Hoàn Kiếm, Hà Nội"
Tiểu Học Trần Quốc Toản,"Số 33 Nhà Chung, quận Hoàn Kiếm, TP. Hà Nội"
Tiểu Học Trưng Vương,"25-27 Lý Thái Tổ, Hoàn Kiếm, Hà Nội"
Tiểu Học Quang Trung,"39 Phố Quang Trung, Trần Hưng Đạo, Hoàn Kiếm, Hà Nội"
Tiểu Học Trần Nhật Duật,Số 2 phố Chợ Gạo – phường Hàng Buồm – quận Hoàn Kiếm – Thành phố Hà Nội
Tiểu Học Tràng An,"29 phố Nhà Chung, quận Hoàn Kiếm"
Tiểu Học Chương Dương,Khu A: 140 Phố Vọng Hà & 721 Hồng Hà – Khu B: 236 Bạch Đằng
Tiểu học An Dương,"7 ngõ 189, An Dương, Q. Tây Hồ, Tp. Hà Nội"
Tiểu học Chu Văn An,"260, Thụy Khuê, P. Thụy Khuê, Q. Tây Hồ, Tp. Hà Nội"
Tiểu học Đông Thái,"31A, Võng Thị, P. Bưởi, Q. Tây Hồ, Tp. Hà Nội"
Tiểu học Nhật Tân,"364, Âu Cơ, Q. Tây Hồ, Tp. Hà Nội"
Tiểu học Phú Thượng,"Ngõ 143 Phú Gia, P. Phú Thượng, Q. Tây Hồ, Tp. Hà Nội"
Tiểu học Quảng An,"6, Đặng Thai Mai, P. Quảng An, Q. Tây Hồ, Tp. Hà Nội"
Tiểu học Tứ Liên,"6A ngõ 200, Âu Cơ, Q. Tây Hồ, Tp. Hà Nội"
Tiểu học Xuân La,"Xuân La, P. Xuân La, Q. Tây Hồ, Tp. Hà Nội"
Tiểu Học Sao Mai,"98 Đường Tô Ngọc Vân, Quảng An, Tây Hồ, Hà Nội"
Trường Tiểu Học Song Ngữ Horizon,"98 đường Tô Ngọc Vân, Villa 1, 2, quận Tây Hồ, Hà Nội"
Trường Tiểu Học Genesis,"Đường Nguyễn Văn Huyên mới, Khu đô thị Tây Hồ Tây, Tây Hồ, Hà Nội"
Tiểu Học Dân Lập Hà Nội Academy,"D45 – D46 Khu đô thị Quốc tế Nam Thăng Long – Ciputra Phú Thượng, Phú Thượng, Tây Hồ, Hà Nội"
Tiểu Học Sunshine Maple Bear,"Sunshine Riverside, Phú Thượng, Quận Tây Hồ, Hà Nội"
Trường Quốc Tế Liên Hợp Quốc Hà Nội UNIS,"G9, Võ Chí Công, Khu đô thị Ciputra, Tây Hồ, Hà Nội"
Trường Tiểu Học Quốc Tế Singapore,"Tòa nhà C3 (NT III B) Khu đô thị Ciputra, Phường Phú Thượng, quận Tây Hồ, Hà Nội"
Tiểu Học Ái Mộ A,"Số 8, ngõ 135 ngách 12, Nguyễn Văn Cừ, P. Ngọc Lâm Q. Long Biên, TP. Hà Nội"
Tiểu Học Đô Thị Sài Đồng,"Lô TH2, Khu đô thị mới Sài Đồng, Long Biên, Hà Nội"
Tiểu Học Thạch Bàn B,"Tổ 7, Phường Thạch Bàn, Q. Long Biên, TP. Hà Nội"
Tiểu Học Ái Mộ B,"Số 21, ngõ 135, Nguyễn Văn Cừ, Phường Ngọc Lâm Quận Long Biên, TP. Hà Nội"
Tiểu Học Bồ Đề,"Số 103-105 Phố Bồ Đề, Phường Bồ Đề, Quận Long Biên, TP. Hà Nội"
Tiểu Học Cự Khối,"Tổ 10, Cự Khối, Quận Long Biên, TP. Hà Nội"
Tiểu Học Đức Giang,"34 Phố Đức Giang, Phường Đức Giang, Quận Long Biên, TP. Hà Nội"
Tiểu Học Đô thị Việt Hưng,"Lô Tiểu học 04 – Phố Thép Mới – Khu đô thị Việt Hưng, Quận Long Biên, TP. Hà Nội"
Tiểu Học Giang Biên,"Tổ 5 Phường Giang Biên, Quận Long Biên, TP.Hà Nội"
Tiểu Học Gia Thụy,"Ngõ 562, Đường Nguyễn Văn Cừ, Quận Long Biên, TP. Hà Nội"
Tiểu Học Hy Vọng,"Số 50 Phố Trường Lâm, P.Đức Giang, Quận Long Biên, TP. Hà Nội"
Tiểu Học Long Biên,"Tổ 12 Phường Long Biên, Quận Long Biên, TP. Hà Nội"
Tiểu Học Lý Thường Kiệt,"Tổ 18 P. Ngọc Thụy, Quận Long Biên, TP. Hà Nội"
Tiểu Học Ngọc Lâm,Số 17 – Phố Hoàng Như Tiếp – Phường Bồ Đề – Quận Long Biên – TP. Hà Nội
Tiểu Học Ngọc Thụy,"Tổ 17 Phường Ngọc Thụy, Quận Long Biên, TP. Hà Nội"
Tiểu Học Ngô Gia Tự,"Số 80/466 Ngô Gia Tự, Phường Đức Giang, Quận Long Biên, TP. Hà Nội"
Tiểu Học Phúc Đồng,"Tổ 12 Phường Phúc Đồng, Quận Long Biên, TP. Hà Nội"
Tiểu Học Phúc Lợi,"Tổ 8 Phường Phúc Lợi, Quận Long Biên, TP. Hà Nội"
Tiểu Học Sài Đồng,"Khu Đô Thị Mới Sài Đồng, Phường Phúc Đồng, Quận Long Biên, TP. Hà Nội"
Tiểu Học Thanh Am,"Tổ 21 phường Thượng Thanh, Quận Long Biên, TP. Hà Nội"
Tiểu Học Thạch Bàn A,"Tổ 10, phường Thạch Bàn – quận Long Biên – Hà Nội"
Tiểu Học Thượng Thanh,"Tổ 12 P. Thượng Thanh, Long Biên TP. Hà Nội"
Tiểu Học Việt Hưng,"Phường Việt Hưng, Quận Long Biên, TP. Hà Nội"
Tiểu Học Vũ Xuân Thiều,"Số 149 Ngách 765/147 Đường Nguyễn Văn Linh, P.Sài Đồng, Quận Long Biên, TP. Hà Nội"
Tiểu học Gia Thượng,"366 Ngọc Thuỵ, Ngọc Thụy, Long Biên, Hà Nội"
Tiểu Học Tây Sơn,"Số 60 Lê Đại Hành, P. Lê Đại Hành"
Tiểu Học Thanh Lương,"Ng. 184 Đê Trần Khát Chân, Thanh Lương, Hai Bà Trưng, Hà Nội"
Tiểu Học Trưng Trắc,"Số 1 ngõ 28, Phố Hương Viên, Phường Đồng nhân, Hai Bà trưng, Hà Nội"
Tiểu Học Trung Hiền,"Số 10 Ngõ Trại Cá, Phường Trương Định, Quận Hai Bà Trưng, Thành Phố Hà Nội"
Tiểu Học Tô Hoàng,"27, Đường Đại Cồ Việt, Cầu Dền, Hai Bà Trưng, Hà Nội"
Tiểu Học Nguyễn Đình Chiểu,"21 Lạc Trung, phường Vĩnh Tuy, quận Hai Bà Trưng, Thành phố Hà Nội"
Tiểu Học Tô Hiến Thành,"Số 39, ngõ 487, phố Kim Ngưu, quận Hai Bà Trưng, Hà Nội"
Tiểu Học Vĩnh Tuy,Ngõ 34 Vĩnh Tuy – Phường Vĩnh Tuy – Quận Hai Bà Trưng – Hà Nội
Tiểu Học Đồng Nhân,"Số 153 Lò Đúc, Hai Bà Trưng"
Tiểu Học Đồng Tâm,"Số 26 Ngõ 128C Đại La, Q. Hai Bà Trưng"
Tiểu Học Bà Triệu,"Số 6 Thái Phiên, Phường Lê Đại Hành, Quận Hai Bà Trưng, Hà Nội."
Tiểu Học Lê Ngọc Hân,"41 phố Lò Đúc, Phạm Đình Hổ, Hai Bà Trưng, Hà Nội"
Tiểu Học Minh Khai,"Số 17 Ngõ Trại Găng, Phưòng Thanh Nhàn, Quận Hai Bà Trưng, TP Hà Nội"
Tiểu Học Ngô Quyền,"Số 271 Ngõ Quỳnh, Quỳnh Lôi, Hai Bà Trưng"
Tiểu Học Ngô Thì Nhậm,"Số 9 Hòa Mã, phường Phạm Đình Hổ, quận Hai Bà Trưng, TP Hà Nội"
Tiểu Học Bạch Mai,"44-46 Phố Hồng Mai, Quận Hai Bà Trưng, Thành phố Hà Nội"
Tiểu Học Đoàn Kết,"25 phố Chùa Vua, Phường Phố Huế, Quận Hai Bà Trưng, Hà Nội"
Tiểu Học Lê Văn Tám,"Số 74/40 Tạ Quang Bửu, Hai Bà Trưng"
Tiểu Học Lương Yên,"Ngõ 63 Lương Yên, Bạch Đằng, Hai Bà Trưng, Hà Nội"
Tiểu Học Quỳnh Lôi,"Ngõ 252, Minh Khai, P. Minh Khai, Q. Hai Bà Trưng, Tp. Hà Nội"
Tiểu Học Quỳnh Mai,C6 – Tập thể Quỳnh Mai – Phố Quỳnh Lôi – Quận HBT – Hà Nội
Tiểu Học Vinschool,"Tòa T35, T36, T37 – KĐT Times City – 458 Minh Khai – HN"
Tiểu Học Nguyễn Khuyến,"Tầng 2, toà nhà UDIC Riverside 1, Ngõ 122 Vĩnh Tuy, phường Vĩnh Tuy, quận Hai Bà Trưng, Hà Nội"
Tiểu Học Công Nghệ Giáo Dục,"229 Phố Vọng, P. Đồng Tâm, Q. Hai Bà Trưng, TP. Hà Nội"
Tiểu Học Hòa Bình – La Trobe,"65 Cảm Hội, Đống Mác, Hai Bà Trưng, Hà Nội"
Tiểu học Phan Đình Giót,Số 102 Phố Ngụy Như Kon Tum – Phường Nhân Chính – Quận Thanh Xuân – Thành phố Hà Nội
Tiểu học Khương Mai,Ngõ 106 – Nguyễn Ngọc Nại – Phường Khương Mai – Quận Thanh Xuân – Hà Nội
Tiểu học Kim Giang,"Phố Hoàng Đạo Thành, Phường Kim Giang, Quận Thanh Xuân"
Tiểu học Đặng Trần Côn,Số 9 – phố Nguyễn Quý Đức – quận Thanh Xuân – TP Hà Nội
Tiểu học Nguyễn Trãi,"126A Khương Trung, quận Thanh Xuân"
Tiểu học Nguyễn Tuân,Số 90 – Nguyễn Tuân – Phường Thanh Xuân Trung – Quận Thanh Xuân – Hà Nội
Tiểu học Nhân Chính,"Số 10 ngõ 181 Quan Nhân, quận Thanh Xuân"
Tiểu học Thanh Xuân Trung,100 Phố Ngụy Như Kon Tum – P. Thanh Xuân Trung – Q. Thanh Xuân – TP. Hà Nội
Tiểu học Khương Đình,Số 1 – Ngõ 108 – Bùi Xương Trạch – Phường Khương Đình – Quận Thanh Xuân
Tiểu học Thanh Xuân Nam,Thanh Xuân Nam – Thanh Xuân – Hà Nội
Tiểu học Phương Liệt,Số 57 phố Phương Liệt – Quận Thanh Xuân – Thành phố Hà Nội
Tiểu học Hạ Đình,"Ngõ 460 đường Khương Đình, quận Thanh Xuân"
Tiểu học Thanh Xuân Bắc,Phố Nguyễn Quý Đức-Phường Thanh Xuân Bắc-Quận Thanh Xuân
Tiểu học Ngôi Sao Hà Nội,"Lô T1, Khu đô thị Trung Hòa – Nhân Chính, Quận Thanh Xuân, TP. Hà Nội"
Tiểu học Vietschool Pandora,"53 Phố Triều Khúc, Thanh Xuân Nam, Thanh Xuân, Hà Nội"
Tiểu học Song ngữ Brendon,"Lô T2 Ngõ 54 Lê Văn Lương, Trung Hòa Nhân Chính, Thanh Xuân, Hà Nội"
Trường Quốc Tế Đa Cấp Anh Việt Hoàng Gia (BVIS),"Royal City, 72A Nguyễn Trãi, Street, Thanh Xuân, Hà Nội"
Tiểu học TRUNG GIÃ,"Trung Giã, Sóc Sơn"
Tiểu học BẮC PHÚ,"Bắc Phú, Sóc Sơn"
Tiểu học BẮC SƠN A,"Bắc Sơn, Sóc Sơn"
Tiểu học BẮC SƠN B,"Bắc Sơn, Sóc Sơn"
Tiểu học ĐÔNG XUÂN,"Đông Xuân, Sóc Sơn"
Tiểu học ĐỨC HOÀ,"Đức Hoà, Sóc Sơn"
Tiểu học HIỀN NINH,"Hiền Ninh, Sóc Sơn"
Tiểu học HỒNG KỲ,"Hồng Kỳ, Sóc Sơn"
Tiểu học HƯƠNG ĐÌNH,"Mai Đình, Sóc Sơn"
Tiểu học KIM LŨ,"Kim Lũ, Sóc Sơn"
Tiểu học MAI ĐÌNH A,"Mai Đình, Sóc Sơn"
Tiểu học MAI ĐÌNH B,"Mai Đình, Sóc Sơn"
Tiểu học MINH PHÚ,"Minh Phú, Sóc Sơn"
Tiểu học MINH TRÍ,"Minh Trí, Sóc Sơn"
Tiểu học NAM SƠN,"Nam Sơn, Sóc Sơn"
Tiểu học NUÔI DƯỠNG VÀ GIÁO DỤC TRẺ EM TÀN TẬT HUYỆN SÓC SƠN,"Phù Linh, Sóc Sơn"
Tiểu học PHÚ CƯỜNG,"Phú Cường, Sóc Sơn"
Tiểu học PHÙ LINH,"Phù Linh, Sóc Sơn"
Tiểu học PHÙ LỖ A,"Phù Lỗ, Sóc Sơn"
Tiểu học PHÙ LỖ B,"Phù Lỗ, Sóc Sơn"
Tiểu học PHÚ MINH,"Phú Minh, Sóc Sơn"
Tiểu học QUANG TIẾN,"Quang Tiến, Sóc Sơn"
Tiểu học TÂN DÂN A,"Tân Dân, Sóc Sơn"
Tiểu học TÂN DÂN B,"Tân Dân, Sóc Sơn"
Tiểu học TÂN HƯNG,"Tân Hưng, Sóc Sơn"
Tiểu học TÂN MINH A,"Tân Minh, Sóc Sơn"
Tiểu học TÂN MINH B,"Tân Minh, Sóc Sơn"
Tiểu học THANH XUÂN A,"Thanh Xuân, Sóc Sơn"
Tiểu học THANH XUÂN B,"Thanh Xuân, Sóc Sơn"
Tiểu học THỊ TRẤN SÓC SƠN,"Thị Trấn Sóc Sơn, Sóc Sơn"
Tiểu học TIÊN DƯỢC,"Tiên Dược, Sóc Sơn"
Tiểu học VIỆT LONG,"Việt Long, Sóc Sơn"
Tiểu học XUÂN GIANG,"Xuân Giang, Sóc Sơn"
Tiểu học XUÂN THU,"Xuân Thu, Sóc Sơn"
Tiểu học XUÂN NỘN,Xã Xuân Nộn – Đông Anh
Tiểu học XUÂN CANH,Xã Xuân Canh – Đông Anh
Tiểu học VÕNG LA,Xã Võng La – Đông Anh
Tiểu học VĨNH NGỌC,Xã Vĩnh Ngọc – Đông Anh
Tiểu học VIỆT HÙNG,Xã Việt Hùng – Đông Anh
Tiểu học VÂN NỘI,Xã Vân Nội – Đông Anh
Tiểu học VÂN HÀ – ĐÔNG ANH,Xã Vân Hà – Đông Anh
Tiểu học UY NỖ – ĐÔNG ANH,Xã Uy Nỗ – Đông Anh
Tiểu học TÔ THỊ HIỂN,Xã Nguyên Khê – Đông Anh
Tiểu học TIÊN DƯƠNG,Xã Tiên Dương – Đông Anh
Tiểu học THỤY LÂM A,Xã Thuỵ Lâm – Đông Anh
Tiểu học THỤY LÂM,Xã Thụy Lâm-Đông Anh
Tiểu học THỊ TRẤN A – ĐÔNG ANH,Thị Trấn Đông Anh
Tiểu học THỊ TRẤN – ĐÔNG ANH,Thị Trấn Đông Anh
Tiểu học TÀM XÁ,Xã Tàm Xá – Đông Anh
Tiểu học NGÔ TẤT TỐ,Xã Mai Lâm – Đông Anh
Tiểu học NAM HỒNG,Xã Nam Hồng – Đông Anh
Tiểu học LIÊN HÀ A,Xã Liên Hà – Đông Anh
Tiểu học LIÊN HÀ – ĐÔNG ANH,Xã Liên Hà – Đông Anh
Tiểu học LÊ HỮU TỰU,Xã Nguyên Khê – Đông Anh
Tiểu học KIM NỖ,Xã Kim Nỗ – Đông Anh
Tiểu học KIM CHUNG – ĐÔNG ANH,Xã Kim Chung – Đông Anh
Tiểu học HẢI BỐI,Xã Hảo Bối – Đông Anh
Tiểu học DỤC TÚ,Xã Dục Tú – Đông Anh
Tiểu học ĐÔNG HỘI,Xã Đông Hội – Đông Anh
Tiểu học ĐẠI MẠCH,Xã Đại Mạch – Đông Anh
Tiểu học CỔ LOA,Xã Cổ Loa – Đông Anh
Tiểu học BẮC HỒNG,Xã Bắc Hồng – Đông Anh
CHUYÊN BIỆT BÌNH MINH – ĐÔNG ANH,Xã Uy Nỗ – Đông Anh
Tiểu học Cao Bá Quát,"Khu đô thị Đặng Xá 2, Xã Đặng Xá, Huyện Gia Lâm, Thành phố Hà Nội"
Tiểu học Kiêu Kỵ,"Trung Dương, Xã Kiêu Kỵ, Huyện Gia Lâm, Thành phố Hà Nội"
Tiểu học Đa Tốn,"Xã Đa Tốn, Huyện Gia Lâm, Thành phố Hà Nội"
Tiểu học Kim Lan,"Xã Kim Lan, Huyện Gia Lâm, Hà Nội"
Tiểu học Thị Trấn Yên Viên,"Số 14, ngõ 670, đường Hà Huy Tập, thị trấn Yên Viên, Gia Lâm, Hà Nội"
Tiểu học Cổ Bi,"Thôn Vàng, Xã Cổ Bi, Huyện Gia Lâm, Thành phố Hà Nội"
Tiểu học Nông Nghiệp,"Tổ Dân Phố Nông Lâm, Thị Trấn Trâu Quỳ, Huyện Gia Lâm, Hà Nội"
Tiểu học Phù Đổng,"Phù Dực, Xã Phù Đổng, Huyện Gia Lâm, Thành phố Hà Nội"
Tiểu học Lê Ngọc Hân,Xã Ninh Hiệp – Huyện Gia Lâm – Hà Nội
"Tiểu học Tiền Phong, Gia Lâm","Thôn Kim Quan, Xã Yên Viên, Huyện Gia Lâm, TP Hà Nội"
Tiểu học Kim Sơn,Xã Kim Sơn – Huyện Gia Lâm – Hà Nội
Tiểu học Đình Xuyên,"Xã Đình Xuyên, Huyện Gia Lâm, Hà Nội"
Tiểu học Trung Thành,"Thôn Cam, Xã Cổ Bi, Huyện Gia Lâm, Hà Nội"
Tiểu học Trâu Quỳ,"Thị trấn Trâu Quỳ, Huyện Gia Lâm, Hà Nội"
Tiểu học Trung Mầu,"Xóm 5, Xã Trung Mầu, Huyện Gia Lâm, Hà Nội"
Tiểu học Văn Đức,"Xã Văn Đức, Huyện Gia Lâm, Hà Nội"
Tiểu học Đặng Xá,"Đặng xá, Huyện Gia Lâm, Thành phố Hà Nội"
Tiểu học Dương Hà,"Thôn Hạ, Xã Dương Hà, H. Gia Lâm, Tp. Hà Nội"
Tiểu học Yên Viên,"Xã Yên Viên, Huyện Gia Lâm, TP Hà Nội"
Tiểu học Đông Dư,Xã Đông Dư – Huyện Gia Lâm- Hà Nội
Tiểu học Yên Thường,"Thôn Xuân Dục, Xã Yên Thường, Huyện Gia Lâm, Hà Nội"
Tiểu học Bát Tràng,"Thôn Giang Cao, Xã Bát Tràng, Huyện Gia Lâm, Thành phố Hà Nội"
Tiểu học Ninh Hiệp,"Xã Ninh Hiệp, Huyện Gia Lâm, Thành phố Hà Nội"
Tiểu học Phú Thị,"Thôn Trân Tảo, Xã Phú Thị, Huyện Gia Lâm, Thành phố Hà Nội"
Tiểu học Lệ Chi,"Xã Lệ Chi, Huyện Gia Lâm, Hà Nội"
Tiểu học Dương Quang,"Xã Dương Quang, H. Gia Lâm, TP. Hà Nội"
Tiểu học Dương Xá,"Xã Dương Xá, Huyện Gia Lâm, Thành phố Hà Nội"
Tiểu học Quang Trung,Thôn Xuân Dục – Xã Yên Thường – Huyện Gia Lâm – Hà Nội
Tiểu học Nam Từ Liêm,"Foresa 4B, Xuân Phương, Từ Liêm, Hà Nội"
Tiểu học Nguyễn Du,"KĐT Trung Văn, Tổ dân phố 17, Phường Trung Văn, Quận Nam Từ Liêm, TP Hà Nội"
Tiểu học Xuân Phương,"Xuân Phương Viglacera, Xuân Phương, Nam Từ Liêm, Hà Nội"
Tiểu học Cầu Diễn,Số 1 Nguyễn Đổng Chi Phường Cầu Diễn Quận Nam Từ Liêm – Hà Nội
Tiểu học Đại Mỗ,"19, Hữu Hưng, P. Đại Mỗ, Q. Nam Từ Liêm, Tp. Hà Nội"
Tiểu học Phú Đô,"Thôn Phú Đô, Mễ Trì, Phường Phú Đô, Quận Nam Từ Liêm, Thành phố Hà Nội"
Tiểu học Mễ Trì,"Ngõ 2, Đồng Me, P. Mễ Trì, Q. Nam Từ Liêm, Tp. Hà Nội"
Tiểu học Mỹ Đình 2,"Phú Mỹ, Mỹ Đình, Phường Mỹ Đình 2, Quận Nam Từ Liêm, Hà Nội."
Tiểu học Tây Mỗ,"Đường 70 Tây MỖ, Tây Mỗ, Từ Liêm, Hà Nội"
Tiểu học Nguyễn Quý Đức,"Tổ dân phố số 2 Ngọc Trục, phường Đại Mỗ, Quận Nam Từ Liêm, Hà Nội"
Tiểu học Mỹ Đình 1,"Tổ dân phố số 3, Phường Mỹ Đình 1, Quận Nam Từ Liêm, Thành phố Hà Nội"
Tiểu học Lý Nam Đế,"Tổ dân phố số 4 Miêu Nha, Phường Tây Mỗ, Quận Nam Từ Liêm, Hà Nội"
Tiểu học Trung Văn,"Số 1 ngõ 76 đường Trung Văn, Trung Văn, Nam Từ Liêm, Hà Nội"
Tiểu học Phương Canh,"195, Phương Canh, P. Xuân Phương, Q. Nam Từ Liêm, Tp. Hà Nội"
Tiểu học Đoàn Thị Điểm,"Phố Trần Văn Cẩn, Mỹ Đình 2, quận Nam Từ Liêm, Hà Nội"
Tiểu học Lômôlôxốp,Phố Trần Văn Cẩn – Khu đô thị Mỹ Đình 2 – Nam Từ Liêm – Hà Nội
Tiểu học Marie Curie,"Phố Trần Văn Lai, KĐT Mỹ Đình – Mễ Trì, phường Mỹ Đình 1, quận Nam Từ Liêm, Hà Nội."
Tiểu học Vinschool Gardenia,"– Địa chỉ 1: Đ. Violet 1, Vinhomes Gardenia, Nam Từ Liêm, Hà Nội; Địa chỉ 2: Khu đô thị Vinhomes Green Bay, Số 7 Đại Lộ Thăng Long, Phường Tây Mỗ, Q. Nam Từ Liêm, TP. Hà Nội"
Tiểu học Lê Quý Đôn,"50 Lưu Hữu Phước, Mỹ Đình, Từ Liêm, Hà Nội"
Tiểu học Olympia,"Khu đô thị mới Trung Văn, Nam Từ Liêm, Hà Nội"
Tiểu học Quốc Việt Úc Hà Nội,"Lưu Hữu Phước, Khu đô thị Mỹ Đình I, Nam Từ Liêm, Hà Nội"
Tiểu Học Mặt Trời Mới,"Khu đô thị mới Mễ Trì Hạ, Phường Mễ Trì, Quận Nam Từ Liêm, Hà Nội"
Tiểu Học Sentia,"KĐT Phùng Khoang, 19 Tố Hữu, Nam Từ Liêm, Hà Nội"
Tiểu học HỮU HOÀ,Hữu Hòa – Thanh Trì
Tiểu học NGŨ HIỆP,Ngũ Hiệp – Thanh Trì
Tiểu học TAM HIỆP,Tam Hiệp – Thanh Trì
Tiểu học THANH LIỆT,Thanh Liệt – Thanh Trì
Tiểu học VẠN PHÚC,Vạn Phúc – Thanh Trì
Tiểu học VĨNH QUỲNH,Vĩnh Quỳnh – Thanh Trì
Tiểu học YÊN MỸ,Yên Mỹ – Thanh Trì
Tiểu học A THỊ TRẤN VĂN ĐIỂN,Thị Trấn Văn Điển – Thanh Trì
Tiểu học B THỊ TRẤN VĂN ĐIỂN,Thị Trấn Văn Điển – Thanh Trì
Tiểu học ĐẠI ÁNG,Đại Áng – Thanh Trì
Tiểu học ĐÔNG MỸ,Xã Đông Mỹ -Thanh Trì
Tiểu học DT KHUYẾT TẬT,"Tứ Hiệp, Thanh Trì"
Tiểu học DUYÊN HÀ,Duyên Hà – Thanh Trì
Tiểu học LIÊN NINH,Liên Linh – Thanh Trì
Tiểu học NGỌC HỒI,Ngọc Hồi – Thanh Trì
Tiểu học TẢ THANH OAI,Tả Thanh Oai – Thanh Trì
Tiểu học TÂN TRIỀU,Tân Triều – Thanh Trì
Tiểu học TỨ HIỆP,Tứ Hiệp – Thanh Trì
Tiểu học YÊN XÁ,Yên Xá – Thanh Trì – Hà Nội
Tiểu học VĂN KHÊ C,Xã Văn Khê – Mê Linh
Tiểu học ĐẠI THỊNH B,Xã Đại Thịnh – Mê Linh
Tiểu học CHI ĐÔNG,TT Chi Đông – Mê Linh
Tiểu học CHU PHAN A,Xã Chu Phan – Mê Linh
Tiểu học CHU PHAN B,Xã Chu Phan – Mê Linh
Tiểu học ĐẠI THỊNH A,Xã Đại Thịnh – Mê Linh
Tiểu học HOÀNG KIM,Xã Tiến Thắng – Mê Linh
Tiểu học KIM HOA A,Xã Kim Hoa – Mê Linh
Tiểu học KIM HOA B,Xã Kim Hoa – Mê Linh
Tiểu học LIÊN MẠC A,Xã Liên Mạc – Mê Linh
Tiểu học LIÊN MẠC B,Xã Liên Mạc – Mê Linh
Tiểu học MÊ LINH,Xã Mê Linh – Mê Linh
Tiểu học QUANG MINH A,TT Quang Minh – Mê Linh
Tiểu học QUANG MINH B,TT Quang Minh – Mê Linh
Tiểu học TAM ĐỒNG,Xã Tam Đồng – Mê Linh
Tiểu học THẠCH ĐÀ A,Xã Thạch Đà – Mê Linh
Tiểu học THẠCH ĐÀ B,Xã Thạch Đà – Mê Linh
Tiểu học THANH LÂM A,Xã Thanh Lâm – Mê Linh
Tiểu học THANH LÂMB,Xã Thanh Lâm – Mê Linh
Tiểu học TIỀN PHONG A,Xã Tiền Phong – Mê Linh
Tiểu học TIỀN PHONG B,Xã Tiền Phong – Mê Linh
Tiểu học TIẾN THẮNG A,Xã Tiến Thắng – Mê Linh
Tiểu học TIẾN THẮNG B,Xã Tiến Thắng – Mê Linh
Tiểu học TIẾN THỊNH A,Xã Tiến Thịnh – Mê Linh
Tiểu học TIẾN THỊNH B,Xã Tiến Thịnh – Mê Linh
Tiểu học TRÁNG VIỆT A,Xã Tráng Việt – Mê Linh
Tiểu học TRÁNG VIỆT B,Xã Tráng Việt – Mê Linh
Tiểu học TỰ LẬP A,Xã Tự Lập – Mê Linh
Tiểu học TỰ LẬP B,Xã Tự Lập – Mê Linh
Tiểu học VĂN KHÊ A,Xã Văn Khê – Mê Linh
Tiểu học VĂN KHÊ B,Xã Văn Khê – Mê Linh
Tiểu học VẠN YÊN,Xã Vạn Yên – Mê Linh
Tiểu học CỔ ĐÔNG,Xã Cổ Đông
Tiểu học ĐƯỜNG LÂM,Xã Đường Lâm
Tiểu học KIM SƠN – SƠN TÂY,Xã Kim Sơn
Tiểu học LÊ LỢI – SƠN TÂY,Phường Lê Lợi
Tiểu học PHÚ THỊNH,Phường Phú Thịnh
Tiểu học QUANG TRUNG – SƠN TÂY,Phường Quang Trung
Tiểu học SƠN ĐÔNG,Xã Sơn Đông
Tiểu học SƠN LỘC,Phường Sơn Lộc
Tiểu học THANH MỸ,Xã Thanh Mỹ
Tiểu học TRẦN PHÚ – SƠN TÂY,Phường Ngô Quyền
Tiểu học TRUNG HƯNG,Phường Trung Hưng
Tiểu học TRUNG SƠN TRẦM,Phường Trung Sơn Trầm
Tiểu học VIÊN SƠN,Phường Viên Sơn
Tiểu học XUÂN KHANH,Phường Xuân Khanh
Tiểu học XUÂN SƠN,Xã Xuân Sơn
Tiểu học YÊN BÀI B,Xã Yên Bài
Tiểu học YÊN BÀI A,Xã Yên Bài
Tiểu học VẬT LẠI,Xã Vật Lại
Tiểu học VẠN THẮNG,Xã Van Thắng
Tiểu học VÂN HOÀ,Xã Vân Hòa
Tiểu học TTNC BÒ & ĐỒNG CỎ,Xã Tản Lĩnh
Tiểu học TÒNG BẠT,Xã Tòng Bạt
Tiểu học TIÊN PHONG,Xã Tiên Phong
Tiểu học THUỴ AN,Xã Thụy An
Tiểu học THUẦN MỸ,Xã Thuần Mỹ
Tiểu học THÁI HOÀ,Xã Thái Hòa
Tiểu học Tây Đằng B,TT Tây Đằng
Tiểu học TÂY ĐẰNG A,TT Tây Đằng
Tiểu học TẢN LĨNH – BA VÌ,Xã Tản Lĩnh
Tiểu học TẢN HỒNG,Xã Tản Hồng
Tiểu học SƠN ĐÀ,Xã Sơn Đà
Tiểu học PHÚ SƠN,Xã Phú Sơn
Tiểu học PHÚ PHƯƠNG,Xã Phú Phương
Tiểu học PHÚ ĐÔNG,Xã Phú Đông
Tiểu học PHÚ CƯỜNG – BA VÌ,Xã Phú Cường
Tiểu học PHÚ CHÂU,Xã Phú Châu
Tiểu học PHONG VÂN,Xã Phong Vân
Tiểu học MINH QUANG B,Xã Minh Quang
Tiểu học MINH QUANG A,Xã Minh Quang
Tiểu học MINH CHÂU,Xã Minh Châu
Tiểu học KHÁNH THƯỢNG B,Xã Khánh Thượng
Tiểu học KHÁNH THƯỢNG A,Xã Khánh Thượng
Tiểu học ĐỒNG THÁI,Xã Đồng Thái
Tiểu học ĐÔNG QUANG,Xã Đông Quang
Tiểu học CỔ ĐÔ,Xã Cổ Đô
Tiểu học CHU MINH,Xã Chu Minh
Tiểu học CHÂU SƠN,Xã Châu Sơn
Tiểu học CAM THƯỢNG,Xã Cam Thượng
Tiểu học CẨM LĨNH,Xã Cẩm Lĩnh
Tiểu học BA TRẠI,Xã Ba Trại
Tiểu học CẨM ĐÌNH,Xã Cẩm Đình
Tiểu học HÁT MÔN,Xã Hát Môn
Tiểu học HIỆP THUẬN,Xã Hiệp Thuận
Tiểu học LIÊN HIỆP,Xã Liên Hiệp
Tiểu học LONG XUYÊN,Xã Long Xuyên
Tiểu học LONG XUYÊN,Xã Long Xuyên
Tiểu học NGỌC TẢO,Xã Ngọc Tảo
Tiểu học PHÚC HOÀ,Xã Phúc Hòa
Tiểu học PHỤNG THƯỢNG,Xã Phung Thượng
Tiểu học PHƯƠNG ĐỘ,Xã Phương Độ
Tiểu học SEN CHIỂU,Xã Sen Chiểu
Tiểu học TAM HIỆP – PHÚC THỌ,Xã Tam Hiệp
Tiểu học TAM THUẤN,Xã Tam Thuấn
Tiểu học VÕNG XUYÊN A,Xã Võng Xuyên
Tiểu học THANH ĐA,Xã Thanh Đa
Tiểu học THI TRẤN PHÚC THỌ,Thị Trấn Phúc Thọ
Tiểu học THỌ LỘC,Xã Thọ Lộc
Tiểu học TÍCH GIANG,Xã Tích Giang
Tiểu học TRẠCH MỸ LỘC,Xã Trạch Mỹ Lộc
Tiểu học VÂN HÀ – PHÚC THỌ,Xã Vân Hà
Tiểu học VÂN NAM,Xã Vân Nam
Tiểu học VÂN PHÚC,Xã Vân Phúc
Tiểu học VÕNG XUYÊN B,Xã Võng Xuyên
Tiểu học XUÂN PHÚ,Xã Xuân Phú
Tiểu học THƯỢNG CỐC,Xã Thượng Cốc
Tiểu học XÃ ĐAN PHƯỢNG,"Thôn Đại Phùng, Xã Đan Phượng – Đan Phượng"
Tiểu học XUÂN NỘN,Xã Xuân Nộn – Đông Anh
Tiểu học TRUNG CHÂU B,Thôn 7 – Trung Châu – Đan Phượng
Tiểu học TRUNG CHÂU A,Thôn 4 – Trung Châu – Đan Phượng
Tiểu học TÔ HIẾN THÀNH – ĐAN PHƯỢNG,Cụm 5 – Xã Hạ Mỗ – Huyện Đan Phượng
Tiểu học THƯỢNG MỖ,Thôn An Sơn 1- xã thương Mỗ- Đan Phượng
Tiểu học THỌ XUÂN,"Đội 3, Xã Thọ Xuân, Đan Phượng"
Tiểu học THỌ AN,Cụm 4- Thọ An- Huyện Đan Phượng
Tiểu học THỊ TRẤN PHÙNG,Phố Phượng Trì- Thị Trấn Phùng – Đan Phượng
Tiểu học TÂN LẬP,Cụm 5 – Xã Tân Lập- Huyện Đan Phượng
Tiểu học TÂN HỘI B,Thôn Thượng Hội- xã Tân Hội- Đan Phượng
Tiểu học TÂN HỘI A,Thôn Phan Long- Tân Hội – Đan Phượng
Tiểu học SONG PHƯỢNG,Thôn Thu Quế – Song Phượng – Đan Phượng
Tiểu học PHƯƠNG ĐÌNH B,Thôn Địch Đình- Phương Đình – Đan Phượng
Tiểu học PHƯƠNG ĐÌNH A,Thôn La Thạch- Phương Đình- Đan Phượng
Tiểu học LIÊN TRUNG,Thôn Hạ – Liên Trung – Đan Phượng
Tiểu học LIÊN HỒNG,Thôn Hữu Cước – Liên Hồng – Đan Phượng
Tiểu học LIÊN HÀ – ĐAN PHƯỢNG,Thôn Qúy – Đội 4 – Liên Hà – Đan Phượng
Tiểu học HỒNG HÀ – ĐAN PHƯỢNG,"Thôn Bá Nội, Xã Hồng Hà, Huyện Đan Phượng"
Tiểu học ĐỒNG THÁP,Thôn Bãi Thuỵ- Đồng Tháp – Đan Phượng
Tiểu học DI TRẠCH,Thôn Đa – Xã Di Trạch
Tiểu học Kim Chung B,"Thôn Lai Xá, Kim Chung, Hoài Đức"
Tiểu học AN KHÁNH A,Thôn An Thọ- Xã An Khánh-Hoài Đức
Tiểu học AN KHÁNH B,Ngãi Cầu – An Khánh
Tiểu học AN THƯỢNG A,An Thượng – Hoài Đức
Tiểu học AN THƯỢNG B,An Thượng – Hoài Đức
Tiểu học CÁT QUẾ A,Cát Quế- Hoài Đức
Tiểu học CÁT QUẾ B,Cát Quế- Hoài Đức
Tiểu học ĐẮC SỞ,Thôn Chùa Ngụ- Xã Đắc Sở
Tiểu học ĐÔNG LA,Đông La- Hoài Đức
Tiểu học ĐỨC GIANG – HOÀI ĐỨC,Đức Giang- Hoài Đức
Tiểu học ĐỨC THƯỢNG,Đức Thượng- Hoài Đức
Tiểu học DƯƠNG LIỄU A,Dương Liễu- Hoài Đức
Tiểu học DƯƠNG LIỄU B,Xóm Me Táo- Xã Dương Liễu – Hoài Đức
Tiểu học Kim Chung A,Kim Chung- Hoài Đức
Tiểu học LA PHÙ,La Phù- Hoài Đức
Tiểu học LẠI YÊN,Lại Yên- Hoài Đức
Tiểu học MINH KHAI – HOÀI ĐỨC,Minh Khai- Hoài Đức
Tiểu học SƠN ĐỒNG – HOÀI ĐỨC – HÀ NỘI,Sơn Đồng – Hoài Đức – Hà Nội
Tiểu học SONG PHƯƠNG,Song Phương- Hoài Đức
Tiểu học THỊ TRẤN – HOÀI ĐỨC,Khu 7 TT Trạm Trôi
Tiểu học TIỀN YÊN,Tiền Yên- Hoài Đức
Tiểu học VÂN CANH,Vân Canh- Hoài Đức
Tiểu học VÂN CÔN,Vân Côn- Hoài Đức
Tiểu học YÊN SỞ – HOÀI ĐỨC,Thôn 4 Xã Yên Sở – Hoài Đức
Tiểu học SÀI SƠN B,Thôn Sài Khê – xã Sài Sơn – huyện Quốc Oai – HN
Tiểu học CẤN HỮU,Thôn Cấn Thượng – Xã Cấn Hữu – Huyện Quốc Oai
Tiểu học CỘNG HOÀ,Xã Cộng Hoà – Huyện Quốc Oai
Tiểu học ĐẠI THÀNH,Thôn Tình Lam – Xã Đại Thành – Huyện Quốc Oai
Tiểu học ĐỒNG QUANG,Thôn Yên Nội – Xã Đồng Quang – Huyện Quốc Oai
Tiểu học ĐÔNG XUÂN – QUỐC OAI,Thôn Đồng Bèn – Xã Đông Xuân – Huyện Quốc Oai
Tiểu học ĐÔNG YÊN,Thôn Đông Hạ – Xã Đông Yên – Huyện Quốc Oai
Tiểu học HOÀ THẠCH A,Thôn Hòa Trúc – Xã Hoà Thạch – Huyện Quốc Oai
Tiểu học HOÀ THẠCH B,Thôn Long Phú – Xã Hoà Thạch – Huyện Quốc Oai
Tiểu học LIỆP TUYẾT,Thôn Bái Ngoại – Xã Liệp Tuyết – Huyện Quốc Oai
Tiểu học NGHĨA HƯƠNG,Thôn Thế Trụ – Xã Nghĩa Hương – Huyện Quốc Oai
Tiểu học NGỌC LIỆP,Thôn Ngọc Phúc – Xã Ngọc Liệp – Huyện Quốc Oai
Tiểu học NGỌC MỸ,Thôn Ngọc Than – Xã Ngọc Mỹ – Huyện Quốc Oai
Tiểu học PHÚ CÁT,Thôn 4 – Xã Phú Cát – Huyện Quốc Oai
Tiểu học PHÚ MÃN,Thôn Đồng Âm – Xã Phú Mãn – Huyện Quốc Oai
Tiểu học PHƯỢNG CÁCH,Khu 3 Xã Phượng Cách – Huyện Quốc Oai
Tiểu học SÀI SƠN A,Thôn Thụy Khuê – Xã Sài Sơn – Huyện Quốc Oai
Tiểu học TÂN HOÀ,Thôn Thị Ngoại – Xã Tân Hoà – Huyện Quốc Oai
Tiểu học TÂN PHÚ,Thôn Hạ Hòa – Xã Tân Phú – Huyện Quốc Oai
Tiểu học THẠCH THÁN,Thôn Đồng Rơi – Xã Thạch Thán – Huyện Quốc Oai
Tiểu học THỊ TRẤN QUỐC OAI A,Thôn Du Nghệ – Thị Trấn Quốc Oai – Huyện Quốc Oai
Tiểu học THỊ TRẤN QUỐC OAI B,Thôn Ngô Sài – Thị Trấn Quốc Oai – Huyện Quốc Oai
Tiểu học TUYẾT NGHĨA,Thôn Liên Trì – Xã Tuyết Nghĩa – Huyện Quốc Oai
Tiểu học YÊN SƠN,Thôn Quảng Yên – Xã Yên Sơn – Huyện Quốc Oai
Tiểu học THƯỢNG CỐC,Xã Thượng Cốc
Tiểu học BÌNH PHÚ A,Thôn Thái Hòa – Xã Bình Phú – Thạch Thất
Tiểu học BÌNH YÊN,Thôn Cánh Chủ – Xã Bình Yên – Thạch Thất
Tiểu học CẨM YÊN,Thôn Yên Lỗ – Xã Cẩm Yên – Huyện Thạch Thất
Tiểu học CẦN KIỆM,Thôn Phú Đa – Xã Cần Kiệm – Thạch Thất
Tiểu học CHÀNG SƠN,Thôn 1 – Chàng Sơn – Thạch Thất
Tiểu học ĐẠI ĐỒNG,Thôn Rộc Đoài – Xã Đại Đồng – Thạch Thất
Tiểu học DỊ NẬU,Thôn Hoà Bình – Xã Dị Nậu – Thạch Thất
Tiểu học ĐỒNG TRÚC,Thôn Trúc Động – Xã Đồng Trúc – Huyện Thạch Thất
Tiểu học HẠ BẰNG,Thôn 6 – Hạ Bằng -Thạch Thất
Tiểu học HƯƠNG NGẢI,Thôn 3 – Xã Hương Ngải – Thạch Thất
Tiểu học HỮU BẰNG,Thôn Miễu – Xã Hữu Bằng – Thạch Thất
Tiểu học KIM QUAN,Đường 84 – Xã Kim Quan – Thạch Thất
Tiểu học LẠI THƯỢNG,Thôn Lại Khánh – Xã Lại Thượng – Huyện Thạch Thất
Tiểu học LIÊN QUAN,Thôn Chi Quan 2 – Liên Quan – Thạch Thất
Tiểu học MINH HÀ A,Thôn 4 – Xã Canh Nậu – Thạch Thất
Tiểu học MINH HÀ B,Thôn 4 – Xã Canh Nậu – Thạch Thất
Tiểu học PHÚ KIM,Thôn Phú Nghĩa – Xã Phú Kim – Thạch Thất
Tiểu học PHÙNG XÁ – THẠCH THẤT,Thôn Vĩnh Lộc – Xã Phùng Xá – Thạch Thất
Tiểu học TÂN XÃ,Thôn Cừ Viên – Xã Tân Xã – Thạch Thất
Tiểu học THẠCH HOÀ,Thôn 7- Thạch Hoà- Thạch Thất
Tiểu học THẠCH XÁ,Thôn Yên – Xã Thạch Xá – Thạch Thất
Tiểu học TIẾN XUÂN A,"Gò Chói, Tiến Xuân, Thạch Thất"
Tiểu học TIẾN XUÂN B,Thôn Miễu – Tiến Xuân – Thạch Thất
Tiểu học YÊN BÌNH A,Xóm Đình – Xã Yên Bình – Thạch Thất
Tiểu học YÊN BÌNH B,Xóm Lụa – Yên Bình – Thạch Thất
Tiểu học YÊN TRUNG,Thôn Đầm Bối – Yên Trung- Thạch Thất
Tiểu học BÌNH PHÚ B,Thôn Phú Ổ -xã Bình Phú – Huyện Thạch Thất
Tiểu học XUÂN MAI B,Tt Xuân Mai
Tiểu học XUÂN MAI A,Tt Xuân Mai
Tiểu học VĂN VÕ,Xã Văn Võ
Tiểu học TRƯỜNG YÊN,Xã Trường Yên
Tiểu học TRUNG HOÀ – CHƯƠNG MỸ,Xã Trung Hòa
Tiểu học TRẦN PHÚ B,Xã Trần Phú
Tiểu học TRẦN PHÚ A,Xã Trần Phú
Tiểu học TỐT ĐỘNG,Xã Tốt Động
Tiểu học TIÊN PHƯƠNG,Xã Tiên Phương
Tiểu học THUỶ XUÂN TIÊN,Xã Thủy Xuânt Iên
Tiểu học THUỴ HƯƠNG,Xã Thụy Hương
Tiểu học THƯỢNG VỰC,Xã Thượng Vực
Tiểu học THANH BÌNH,Xã Thanh Bình
Tiểu học TÂN TIẾN,Xã Tân Tiến
Tiểu học QUẢNG BỊ,Xã Quảng Bị
Tiểu học PHỤNG CHÂU,Xã Phụng Châu
Tiểu học PHÚ NGHĨA,Xã Phú Nghĩa
Tiểu học PHÚ NAM AN,Xã Phú Nam An
Tiểu học NGỌC HOÀ,Xã Ngọc Hòa
Tiểu học NAM PHƯƠNG TIẾN B,Xã Nam Phương Tiến
Tiểu học NAM PHƯƠNG TIẾN A,Xã Nam Phương Tiến
Tiểu học MỸ LƯƠNG,Xã Mỹ Lương
Tiểu học LƯƠNG MỸ A,Xã Hoàng Văn Thụ
Tiểu học LAM ĐIỀN,Xã Lam Điền
Tiểu học HỮU VĂN,Xã Hữu Văn
Tiểu học HỢP ĐỒNG,Xã Hợp Đồng
Tiểu học HỒNG PHONG,Xã Hồng Phong
Tiểu học HOÀNG VĂN THỤ – CHƯƠNG MỸ,Xã Hoàng Văn Thụ
Tiểu học HOÀNG DIỆU – CHƯƠNG MỸ,Xã Hoàng Diệu
Tiểu học HOÀ CHÍNH,Xã Hòa Chính
Tiểu học ĐÔNG SƠN,Xã Đông Sơn
Tiểu học ĐÔNG PHƯƠNG YÊN,Xã Đông Phương Yên
Tiểu học ĐỒNG PHÚ,Xã Đồng Phú
Tiểu học ĐỒNG LẠC,Xã Đồng Lạc
Tiểu học ĐẠI YÊN,Xã Đại Yên
Tiểu học CHÚC SƠN B,Tt Chúc Sơn
Tiểu học CHÚC SƠN A,Tt Chúc Sơn
Tiểu học BÊ TÔNG,Xã Thủy Xuân Tiên
Tiểu học BÍCH HOÀ,"Xã Bích Hoà , Huyện Thanh Oai"
Tiểu học BÌNH MINH A,"Xã Bình Minh , Huyện Thanh Oai"
Tiểu học BÌNH MINH B,"Xã Bình Minh , Huyện Thanh Oai"
Tiểu học CAO DƯƠNG,"Xã Cao Dương , Huyện Thanh Oai"
Tiểu học CAO VIÊN I,"Xã Cao Viên , Huyện Thanh Oai"
Tiểu học CAO VIÊN II,"Xã Cao Viên , Huyện Thanh Oai"
Tiểu học CỰ KHÊ,"Xã Cự Khê , Huyện Thanh Oai"
Tiểu học DÂN HOÀ,"Xã Dân Hoà , Huyện Thanh Oai"
Tiểu học ĐỖ ĐỘNG,"Xã Đỗ Động , Huyện Thanh Oai"
Tiểu học HỒNG DƯƠNG,"Xã Hồng Dương , Huyện Thanh Oai"
Tiểu học KIM THƯ,"Xã Kim Thư , Huyện Thanh Oai"
Tiểu học LIÊN CHÂU,"Xã Liên Châu , Huyện Thanh Oai"
Tiểu học PHƯƠNG TRUNG I,"Xã Phương Trung , Huyện Thanh Oai"
Tiểu học PHƯƠNG TRUNG II,"Xã Phương Trung , Huyện Thanh Oai"
Tiểu học TAM HƯNG,"Xã Tam Hưng , Huyện Thanh Oai"
Tiểu học TÂN ƯỚC,"Xã Tân Ước , Huyện Thanh Oai"
Tiểu học THANH CAO,"Xã Thanh Cao , Huyện Thanh Oai"
Tiểu học THANH VĂN,"Xã Thanh Văn , Huyện Thanh Oai"
Tiểu học THỊ TRẤN KIM BÀI,"TT Kim Bài , Huyện Thanh Oai"
Tiểu học XUÂN DƯƠNG,"Xã Xuân Dương , Huyện Thanh Oai"
Tiểu học KIM AN,"Xã Kim An , Huyện Thanh Oai"
Tiểu học MỸ HƯNG,"Xã Mỹ Hưng , Huyện Thanh Oai"
Tiểu học THANH MAI,"Xã Thanh Mai , Huyện Thanh Oai"
Tiểu học THANH THUỲ,"Xã Thanh Thuỳ , Huyện Thanh Oai"
Tiểu học CHƯƠNG DƯƠNG – THƯỜNG TÍN,Chương Dương – Thường Tín
Tiểu học DŨNG TIẾN,Dũng Tiến – Thường Tín
Tiểu học DUYÊN THÁI,Duyên Thái – Thường Tín
Tiểu học HÀ HỒI,Hà Hồi – Thường Tín
Tiểu học HIỀN GIANG,Hiền Giang – Thường Tín
Tiểu học HOÀ BÌNH,Thôn Thuỵ Ứng- Xã Hoà Bình
Tiểu học HỒNG VÂN,Hồng Vân – Thường Tín
Tiểu học KHÁNH HÀ,Khánh Hà – Thường Tín
Tiểu học LÊ LỢI – THƯỜNG TÍN,Lê Lợi – Thường Tín
Tiểu học LIÊN PHƯƠNG,Liên Phương – Thường Tín
Tiểu học MINH CƯỜNG,Minh Cường – Thường Tín
Tiểu học NGHIÊM XUYÊN,Nghiêm Xuyên – Thường Tín
Tiểu học NGUYỄN TRÃI – THƯỜNG TÍN,Nguyễn Trãi – Thường Tín
Tiểu học NHỊ KHÊ,Nhị Khê – Thường Tín
Tiểu học NINH SỞ,Ninh Sở – Thường Tín
Tiểu học QUẤT ĐỘNG,Quất Đông – Thường Tín
Tiểu học TÂN MINH,Tân Minh – Thường Tín
Tiểu học THẮNG LỢI,Thắng Lợi – Thường Tín
Tiểu học THỊ TRẤN – THƯỜNG TÍN,Thị Trấn Thường Tín – Thường Tín
Tiểu học THỐNG NHẤT,Thống Nhất – Thường Tín
Tiểu học THƯ PHÚ,Thôn Thư Dương- Xã Thư Phú- Thường Tín
Tiểu học TIỀN PHONG – THƯỜNG TÍN,Tiền Phong – Thường Tín
Tiểu học TÔ HIỆU,Tô Hiệu – Thường Tín
Tiểu học TỰ NHIÊN,Tự Nhiên – Thường Tín
Tiểu học VĂN BÌNH,Văn Bình – Thường Tín
Tiểu học VẠN ĐIỂM,Vạn Điểm – Thường Tín
Tiểu học VĂN PHÚ,Văn Phú – Thường Tín
Tiểu học VÂN TẢO,"Vân Tảo, Thường Tín"
Tiểu học VĂN TỰ,Văn Tự – Thường Tín
Tiểu học CHÂU CAN,Châu Can – Phú Xuyên
Tiểu học ĐẠI THẮNG,Đại Thắng – Phú Xuyên
Tiểu học HỒNG MINH,Hồng Minh – Phú Xuyên
Tiểu học NAM PHONG,Nam Phong – Phú Xuyên
Tiểu học NAM TRIỀU,Nam Triều – Phú Xuyên
Tiểu học TT PHÚ MINH,TT Phú Minh – Phú Xuyên
Tiểu học VĂN NHÂN,Văn Nhân – Phú Xuyên
Tiểu học BẠCH HẠ,Bạch Hạ – Phú Xuyên
Tiểu học CHUYÊN MỸ,Chuyên Mỹ – Phú Xuyên
Tiểu học ĐẠI XUYÊN,Đại Xuyên – Phú Xuyên
Tiểu học HOÀNG LONG,Hoàng Long – Phú Xuyên
Tiểu học HỒNG THÁI,Hồng Thái – Phú Xuyên
Tiểu học KHAI THÁI,Khai Thái – Phú Xuyên
Tiểu học MINH TÂN A,Minh Tân – Phú Xuyên
Tiểu học MINH TÂN B,Minh Tân – Phú Xuyên
Tiểu học PHÚ TÚC,Phú Túc – Phú Xuyên
Tiểu học PHÚ YÊN,Phú Yên – Phú Xuyên
Tiểu học PHÚC TIẾN,Phúc Tiến – Phú Xuyên
Tiểu học PHƯỢNG DỰC,Phượng Dực – Phú Xuyên
Tiểu học QUANG LÃNG,Quang Lãng – Phú Xuyên
Tiểu học QUANG TRUNG – PHÚ XUYÊN,Quang Trung – Phú Xuyên
Tiểu học SƠN HÀ,Sơn Hà – Phú Xuyên
Tiểu học TÂN DÂN – PHÚ XUYÊN,Tân Dân – Phú Xuyên
Tiểu học THUỴ PHÚ,Thụy Phú – Phú Xuyên
Tiểu học TRI THUỶ,Tri Thủy – Phú Xuyên
Tiểu học TRI TRUNG,Tri Trung – Phú Xuyên
Tiểu học TT PHÚ XUYÊN,TT Phú Xuyên – Phú Xuyên
Tiểu học VĂN HOÀNG,Văn Hoàng – Phú Xuyên
Tiểu học VÂN TỪ,Vân Từ – Phú Xuyên
Tiểu học CAO THÀNH,Tử Dương – Cao Thành- Ứng Hòa
Tiểu học ĐẠI CƯỜNG,Kim Giang – Đại Cường – Ứng Hòa
Tiểu học ĐẠI HÙNG,Trung Thượng- Đại Hùng
Tiểu học ĐỒNG TÂN,Mỹ Cầu – Đồng Tân – Ứng Hòa
Tiểu học HOÀ LÂM,Trạch Bái – Hoà Lâm
Tiểu học HOÀ NAM,Đinh Xuyên – Hoà Nam- Ứng Hòa
Tiểu học HOÀ PHÚ,Đặng Giang – Hoà Phú – Ứng Hòa
Tiểu học HOA SƠN,Miêng Thượng – Hoa Sơn – Ứng Hòa
Tiểu học HOÀ XÁ,Xóm Riếng Rợ – Hòa Xá – Ứng Hòa
Tiểu học HỒNG QUANG,Bài Lâm Thượng – Hồng Quang – Ứng Hòa
Tiểu học KIM ĐƯỜNG,Kim Bồng – Kim Đường – Ứng Hòa
Tiểu học LIÊN BẠT,Lưu Khê – Liên Bạt – Ứng Hòa
Tiểu học LƯU HOÀNG,Ngoại Hoàng – Lưu Hoàng – Ứng Hòa
Tiểu học MINH ĐỨC,Thôn Cầu – Minh Đức – Ứng Hòa
Tiểu học PHƯƠNG TÚ,Dương Khê – Phương Tú – Ứng Hòa
